population,weight,se,target
Italy_PianSultano_BA.SG,0.5168752785221384,0.026720519256871616,Jew_Ashkenazi.HO
Tajikistan_Ksirov_Kushan,0.10982302214493617,0.02987723160076671,Jew_Ashkenazi.HO
Saudi.HO,0.3733016993329254,0.03674922527922146,Jew_Ashkenazi.HO
Italy_PianSultano_BA.SG,0.30148441667525433,0.02886791900568356,Jew_Moroccan.HO
Saudi.HO,0.6985155833247456,0.028867919005683522,Jew_Moroccan.HO
Italy_PianSultano_BA.SG,0.23680699515865847,0.028990952670035083,Jew_Tunisian.HO
Saudi.HO,0.7631930048413416,0.028990952670035045,Jew_Tunisian.HO
CanaryIslands_Guanche.SG,0.08235893470210426,0.03241415751529793,Jew_Libyan.HO
Italy_PianSultano_BA.SG,0.25623070885559013,0.03685812272436115,Jew_Libyan.HO
Saudi.HO,0.6614103564423056,0.06408494446685904,Jew_Libyan.HO
Saudi.HO,1,1.1376698354596692e-13,Jew_Yemenite.HO
Lebanon_MBA.SG,0.7389191776932655,0.051289197092698906,Jew_Iraqi.HO
Italy_PianSultano_BA.SG,0.1234402676058598,0.03286269061223364,Jew_Iraqi.HO
Tajikistan_Ksirov_Kushan,0.13764055470087475,0.034913612022753955,Jew_Iraqi.HO
Italy_PianSultano_BA.SG,0.42623554839375216,0.025561120501457632,Jew_Turkish.HO
Tajikistan_Ksirov_Kushan,0.046491890452901946,0.02473280066159592,Jew_Turkish.HO
Saudi.HO,0.527272561153346,0.03227273117936017,Jew_Turkish.HO
