target,p_value
Jew_Ashkenazi.HO,0.011787989928855958
Jew_Moroccan.HO,0.08335370440798691
Jew_Tunisian.HO,0.03929339929909524
Jew_Libyan.HO,0.12441814562585755
Jew_Yemenite.HO,0.008744470185948807
Jew_Iranian.HO,0.015509678820822473
Jew_Iraqi.HO,0.48275880915901526
Jew_Georgian.HO,5.789090543146943e-4
Jew_Cochin.HO,1.1548758316788702e-56
Jew_Turkish.HO,0.31566191179292097
